parcela,arvore,especie,dap,altura,volume
1,1,Eucalyptus Grandis,21.7,46.0,0.8759
1,2,Pinus Taeda,20.5,44.0,0.6989
1,3,Eucalyptus Grandis,26.2,51.1,1.2358
1,4,Pinus Taeda,12.6,38.7,0.2173
1,5,Eucalyptus Grandis,19.5,49.8,0.7461
1,6,Eucalyptus Grandis,17.9,44.3,0.5956
1,7,Pinus Taeda,23.5,49.8,1.0173
1,8,Eucalyptus Grandis,27.0,52.9,1.5597
1,9,Eucalyptus Grandis,24.5,48.9,1.1092
1,10,Pinus Taeda,27.5,50.2,1.5653
1,11,Eucalyptus Grandis,15.6,39.6,0.4525
1,12,Pinus Taeda,16.7,41.9,0.4934
1,13,Pinus Taeda,21.4,48.8,0.812
1,14,Pinus Taeda,8.5,36.0,0.1084
1,15,Eucalyptus Grandis,22.3,50.1,0.9505
1,16,Pinus Taeda,33.8,54.4,2.6527
1,17,Pinus Taeda,30.2,53.7,1.9893
1,18,Eucalyptus Grandis,15.3,44.4,0.3807
1,19,Pinus Taeda,19.9,48.4,0.8336
1,20,Eucalyptus Grandis,15.3,44.3,0.459
1,21,Eucalyptus Grandis,21.9,45.5,0.7866
1,22,Eucalyptus Urophylla,18.7,46.7,0.6984
1,23,Pinus Taeda,20.6,45.8,0.825
1,24,Eucalyptus Grandis,30.9,50.7,2.0705
1,25,Eucalyptus Grandis,21.9,50.1,1.0769
1,26,Eucalyptus Grandis,18.3,47.4,0.5545
1,27,Pinus Taeda,14.9,43.2,0.3783
1,28,Pinus Taeda,18.5,44.1,0.4372
1,29,Pinus Taeda,14.7,41.6,0.3052
1,30,Eucalyptus Grandis,12.5,39.8,0.2666
1,31,Eucalyptus Grandis,37.2,54.2,3.2925
1,32,Eucalyptus Grandis,17.4,45.6,0.5754
1,33,Eucalyptus Urophylla,23.8,47.5,1.0644
1,34,Eucalyptus Grandis,31.0,52.4,1.616
1,35,Eucalyptus Urophylla,18.4,44.8,0.5181
1,36,Eucalyptus Grandis,7.7,29.2,0.0664
1,37,Eucalyptus Urophylla,32.6,52.1,2.0476
1,38,Eucalyptus Grandis,11.7,37.3,0.1834
1,39,Pinus Taeda,13.0,40.2,0.2719
1,40,Eucalyptus Grandis,22.6,47.9,0.9547
2,1,Pinus Taeda,20.0,50.5,0.8126
2,2,Eucalyptus Grandis,19.9,45.5,0.6647
2,3,Eucalyptus Grandis,30.4,51.5,1.5463
2,4,Pinus Taeda,20.1,46.6,0.7704
2,5,Eucalyptus Grandis,15.0,43.0,0.3725
2,6,Eucalyptus Urophylla,11.6,39.7,0.2221
2,7,Eucalyptus Grandis,25.4,48.7,1.2832
2,8,Eucalyptus Grandis,29.1,51.6,1.8439
2,9,Eucalyptus Urophylla,9.0,35.6,0.1098
2,10,Eucalyptus Urophylla,21.3,49.9,0.6881
2,11,Eucalyptus Urophylla,24.5,48.3,1.0599
2,12,Eucalyptus Grandis,22.4,49.8,1.0158
2,13,Eucalyptus Urophylla,20.8,50.3,0.7685
2,14,Eucalyptus Urophylla,24.0,51.5,1.1606
2,15,Pinus Taeda,21.3,48.6,0.9776
2,16,Eucalyptus Grandis,20.2,46.4,0.718
2,17,Eucalyptus Grandis,8.3,33.0,0.1018
2,18,Eucalyptus Grandis,36.9,56.5,3.3947
2,19,Pinus Taeda,18.3,45.9,0.6387
2,20,Eucalyptus Grandis,18.7,43.7,0.5575
2,21,Eucalyptus Grandis,5.8,27.0,0.0373
2,22,Eucalyptus Grandis,32.7,51.2,2.3454
2,23,Eucalyptus Grandis,17.3,47.1,0.6086
2,24,Eucalyptus Urophylla,25.4,50.6,1.2807
2,25,Eucalyptus Grandis,20.4,51.2,0.9628
2,26,Eucalyptus Grandis,12.2,40.9,0.2769
2,27,Pinus Taeda,5,21.6,0.0211
2,28,Pinus Taeda,17.3,43.2,0.5791
2,29,Eucalyptus Urophylla,24.3,49.9,1.272
2,30,Eucalyptus Grandis,27.5,48.5,1.3002
2,31,Eucalyptus Grandis,18.4,43.8,0.4562
2,32,Pinus Taeda,19.1,47.3,0.7166
2,33,Eucalyptus Grandis,34.0,54.3,2.3399
2,34,Pinus Taeda,13.9,38.8,0.2845
2,35,Eucalyptus Grandis,34.9,56.5,2.9819
2,36,Pinus Taeda,13.0,38.8,0.2503
2,37,Eucalyptus Grandis,16.6,47.4,0.542
2,38,Pinus Taeda,5,25.8,0.0272
2,39,Eucalyptus Grandis,24.7,45.3,0.9596
2,40,Eucalyptus Grandis,27.4,54.6,1.4725
2,41,Eucalyptus Urophylla,27.4,47.1,1.6127
2,42,Eucalyptus Grandis,23.8,52.1,1.071
3,1,Pinus Taeda,18.0,45.8,0.5655
3,2,Eucalyptus Grandis,15.4,41.0,0.3865
3,3,Eucalyptus Urophylla,14.4,44.3,0.3784
3,4,Pinus Taeda,14.4,40.0,0.3414
3,5,Eucalyptus Grandis,23.0,46.5,0.8205
3,6,Pinus Taeda,17.4,43.9,0.5327
3,7,Pinus Taeda,17.4,46.8,0.5719
3,8,Eucalyptus Grandis,21.8,45.5,0.9722
3,9,Eucalyptus Grandis,25.5,49.8,1.3383
3,10,Eucalyptus Grandis,19.3,43.5,0.6664
3,11,Pinus Taeda,11.6,33.7,0.1771
3,12,Eucalyptus Grandis,17.4,48.4,0.5345
3,13,Pinus Taeda,16.1,42.1,0.4698
3,14,Pinus Taeda,13.1,38.5,0.2951
3,15,Eucalyptus Grandis,25.7,52.8,1.2045
3,16,Eucalyptus Grandis,30.0,50.5,1.7082
3,17,Pinus Taeda,16.4,44.6,0.4854
3,18,Eucalyptus Grandis,12.7,36.6,0.2443
3,19,Eucalyptus Grandis,26.8,45.7,1.2723
3,20,Eucalyptus Grandis,11.8,36.9,0.1777
3,21,Eucalyptus Grandis,26.9,50.2,1.3307
3,22,Eucalyptus Grandis,33.8,59.6,2.8939
3,23,Pinus Taeda,18.9,43.2,0.6659
3,24,Pinus Taeda,12.0,37.1,0.2239
3,25,Eucalyptus Grandis,16.4,39.4,0.4715
3,26,Pinus Taeda,6.8,30.8,0.0658
3,27,Pinus Taeda,9.3,35.3,0.1252
3,28,Eucalyptus Grandis,20.2,44.0,0.7242
3,29,Eucalyptus Grandis,17.2,47.0,0.4522
3,30,Pinus Taeda,22.5,44.1,0.9616
3,31,Eucalyptus Grandis,29.5,55.4,1.5926
3,32,Pinus Taeda,21.6,46.8,1.004
3,33,Eucalyptus Grandis,22.5,50.2,0.9814
3,34,Eucalyptus Grandis,17.0,44.4,0.491
3,35,Eucalyptus Grandis,19.0,46.2,0.6702
3,36,Eucalyptus Grandis,29.1,51.2,1.7156
3,37,Pinus Taeda,8.8,36.1,0.1118
3,38,Pinus Taeda,17.5,42.2,0.4811
3,39,Eucalyptus Urophylla,19.9,48.1,0.8585
3,40,Eucalyptus Grandis,13.6,40.1,0.2393
3,41,Pinus Taeda,12.4,39.2,0.2133
3,42,Pinus Taeda,18.6,46.1,0.5303
3,43,Pinus Taeda,35.2,52.0,1.9914
3,44,Eucalyptus Grandis,18.8,44.9,0.6009
3,45,Eucalyptus Grandis,25.0,48.6,1.186
3,46,Eucalyptus Grandis,28.2,49.2,1.806
3,47,Eucalyptus Grandis,29.0,51.2,1.7879
4,1,Eucalyptus Grandis,15.2,44.0,0.3992
4,2,Pinus Taeda,20.0,43.4,0.6862
4,3,Eucalyptus Grandis,5,26.6,0.0263
4,4,Eucalyptus Grandis,17.6,42.1,0.528
4,5,Pinus Taeda,28.6,53.0,1.9048
4,6,Pinus Taeda,27.7,53.6,1.6904
4,7,Eucalyptus Grandis,21.3,46.0,0.9336
4,8,Eucalyptus Urophylla,13.2,41.9,0.3257
4,9,Pinus Taeda,22.9,51.0,1.1582
4,10,Pinus Taeda,15.1,41.4,0.4351
4,11,Eucalyptus Grandis,20.8,45.1,0.7983
4,12,Eucalyptus Grandis,14.6,44.8,0.3828
4,13,Eucalyptus Urophylla,19.0,43.0,0.5234
4,14,Pinus Taeda,7.5,32.8,0.0781
4,15,Pinus Taeda,16.8,41.4,0.4463
4,16,Eucalyptus Grandis,21.3,45.6,0.9038
4,17,Eucalyptus Grandis,11.4,38.9,0.1885
4,18,Eucalyptus Grandis,16.7,42.3,0.5522
4,19,Eucalyptus Grandis,24.4,50.1,1.3749
4,20,Eucalyptus Grandis,29.9,50.1,1.7548
4,21,Eucalyptus Urophylla,23.0,51.1,1.1483
4,22,Eucalyptus Grandis,22.5,44.9,0.8295
4,23,Pinus Taeda,11.5,39.1,0.211
4,24,Pinus Taeda,14.8,44.2,0.3341
4,25,Eucalyptus Grandis,23.4,48.5,0.9494
4,26,Pinus Taeda,17.3,45.6,0.5614
4,27,Eucalyptus Grandis,25.1,46.3,1.1021
4,28,Eucalyptus Grandis,23.7,51.0,1.0759
4,29,Eucalyptus Grandis,5,25.3,0.026
4,30,Eucalyptus Grandis,22.6,49.3,1.1106
4,31,Eucalyptus Grandis,22.8,50.7,1.0139
4,32,Pinus Taeda,27.9,54.1,1.3185
4,33,Eucalyptus Grandis,22.8,46.1,0.9605
4,34,Eucalyptus Grandis,37.8,57.3,2.6235
4,35,Eucalyptus Grandis,23.8,51.4,1.2157
4,36,Eucalyptus Grandis,27.3,53.0,1.3867
4,37,Eucalyptus Grandis,43.1,58.0,3.6557
4,38,Pinus Taeda,19.3,48.1,0.6312
4,39,Pinus Taeda,20.3,48.2,0.7758
4,40,Pinus Taeda,9.1,32.3,0.1118
4,41,Eucalyptus Grandis,20.5,46.0,0.7216
4,42,Eucalyptus Grandis,22.5,48.1,0.834
4,43,Eucalyptus Grandis,24.9,49.9,1.404
5,1,Pinus Taeda,22.6,48.7,0.961
5,2,Eucalyptus Grandis,34.3,54.8,2.3732
5,3,Eucalyptus Grandis,22.6,49.2,0.9815
5,4,Eucalyptus Grandis,25.9,50.8,1.1647
5,5,Pinus Taeda,24.6,48.3,1.052
5,6,Eucalyptus Grandis,23.2,48.1,1.1421
5,7,Eucalyptus Grandis,10.0,33.4,0.1294
5,8,Eucalyptus Grandis,12.5,39.6,0.2791
5,9,Pinus Taeda,16.8,43.4,0.4893
5,10,Eucalyptus Grandis,9.1,34.5,0.1053
5,11,Eucalyptus Grandis,16.7,44.1,0.5347
5,12,Pinus Taeda,17.9,46.8,0.576
5,13,Eucalyptus Grandis,20.6,47.5,0.8349
5,14,Eucalyptus Grandis,28.1,50.3,1.4251
5,15,Pinus Taeda,20.9,47.1,0.8073
5,16,Pinus Taeda,21.5,49.8,0.7773
5,17,Eucalyptus Grandis,27.3,49.3,1.6073
5,18,Pinus Taeda,20.8,44.7,0.7602
5,19,Eucalyptus Grandis,21.6,48.4,0.8435
5,20,Eucalyptus Grandis,36.0,57.8,3.0165
5,21,Pinus Taeda,16.5,41.7,0.4913
5,22,Eucalyptus Grandis,22.6,48.6,0.9346
5,23,Eucalyptus Urophylla,19.6,45.0,0.7303
5,24,Pinus Taeda,15.6,40.5,0.4095
5,25,Eucalyptus Grandis,18.2,45.1,0.6156
5,26,Pinus Taeda,26.8,51.1,1.4828
5,27,Pinus Taeda,21.9,46.2,0.8862
5,28,Eucalyptus Grandis,16.6,42.9,0.3767
5,29,Eucalyptus Grandis,14.5,38.0,0.2797
5,30,Eucalyptus Grandis,24.7,49.6,1.0731
5,31,Eucalyptus Urophylla,35.4,50.7,2.5123
5,32,Pinus Taeda,24.9,48.0,1.2231
5,33,Eucalyptus Grandis,27.9,50.2,1.8059
5,34,Pinus Taeda,17.1,46.9,0.6524
5,35,Eucalyptus Grandis,28.1,50.9,1.8245
5,36,Eucalyptus Grandis,30.0,52.6,1.8416
5,37,Eucalyptus Grandis,34.8,50.7,2.7861
5,38,Eucalyptus Grandis,27.5,49.6,1.3693
5,39,Eucalyptus Grandis,17.0,46.4,0.3988
5,40,Pinus Taeda,14.4,43.1,0.3246
5,41,Eucalyptus Grandis,18.2,43.8,0.551
5,42,Eucalyptus Grandis,16.7,48.2,0.6065
6,1,Pinus Taeda,23.3,47.0,0.9273
6,2,Eucalyptus Grandis,7.8,32.6,0.0717
6,3,Eucalyptus Grandis,27.3,52.9,1.2969
6,4,Eucalyptus Grandis,17.0,47.4,0.5898
6,5,Pinus Taeda,18.9,49.8,0.7469
6,6,Eucalyptus Grandis,28.1,51.3,1.6126
6,7,Pinus Taeda,26.6,48.8,1.436
6,8,Eucalyptus Grandis,28.3,49.0,1.4261
6,9,Eucalyptus Grandis,22.0,51.5,1.0091
6,10,Eucalyptus Grandis,28.6,51.8,1.8799
6,11,Eucalyptus Grandis,27.8,51.1,1.7759
6,12,Eucalyptus Grandis,20.6,43.9,0.6868
6,13,Pinus Taeda,27.1,51.6,1.1659
6,14,Eucalyptus Grandis,22.3,48.7,0.8271
6,15,Eucalyptus Grandis,15.6,40.4,0.359
6,16,Pinus Taeda,7.9,33.8,0.0729
6,17,Eucalyptus Urophylla,18.4,43.6,0.5086
6,18,Pinus Taeda,21.3,48.6,0.9047
6,19,Pinus Taeda,19.7,47.0,0.5311
6,20,Eucalyptus Grandis,17.4,47.4,0.5086
6,21,Eucalyptus Grandis,25.6,47.9,1.3037
6,22,Eucalyptus Grandis,11.1,41.3,0.2338
6,23,Eucalyptus Grandis,35.6,54.1,2.5711
6,24,Eucalyptus Urophylla,5,26.1,0.0233
6,25,Pinus Taeda,26.6,50.7,1.2066
6,26,Pinus Taeda,20.9,43.7,0.679
6,27,Eucalyptus Urophylla,26.0,51.1,1.6347
6,28,Eucalyptus Grandis,24.3,50.4,1.1267
6,29,Eucalyptus Grandis,28.9,47.8,1.516
6,30,Eucalyptus Grandis,28.8,53.3,1.6871
6,31,Eucalyptus Grandis,34.0,56.6,2.7554
6,32,Pinus Taeda,23.8,48.6,0.8201
6,33,Eucalyptus Grandis,21.8,46.4,0.8319
6,34,Eucalyptus Grandis,23.6,44.6,1.1065
6,35,Eucalyptus Grandis,16.8,45.2,0.5948
6,36,Eucalyptus Grandis,17.8,43.5,0.4788
6,37,Eucalyptus Urophylla,17.5,45.8,0.5612
6,38,Pinus Taeda,21.3,44.4,0.8238
6,39,Pinus Taeda,16.8,43.4,0.4893
6,40,Eucalyptus Grandis,16.9,43.0,0.4751
6,41,Pinus Taeda,19.3,47.0,0.7294
6,42,Eucalyptus Grandis,17.4,44.3,0.5244
6,43,Pinus Taeda,20.3,47.3,0.7652
6,44,Pinus Taeda,22.3,48.2,0.9439
7,1,Pinus Taeda,16.9,43.5,0.4854
7,2,Eucalyptus Grandis,25.6,50.5,1.3305
7,3,Eucalyptus Grandis,15.9,44.8,0.4147
7,4,Pinus Taeda,19.5,45.2,0.5288
7,5,Pinus Taeda,14.8,44.4,0.5176
7,6,Pinus Taeda,22.9,47.4,0.997
7,7,Pinus Taeda,5,26.9,0.0258
7,8,Eucalyptus Grandis,25.6,48.1,1.1222
7,9,Pinus Taeda,11.1,39.2,0.1834
7,10,Eucalyptus Grandis,30.0,52.6,1.7707
7,11,Pinus Taeda,24.4,47.5,1.1887
7,12,Pinus Taeda,12.4,35.9,0.2377
7,13,Eucalyptus Grandis,21.2,45.4,0.7778
7,14,Eucalyptus Urophylla,27.0,49.9,1.2791
7,15,Eucalyptus Grandis,28.4,52.6,1.6606
7,16,Eucalyptus Grandis,15.2,46.8,0.4638
7,17,Eucalyptus Grandis,18.5,43.3,0.679
7,18,Eucalyptus Grandis,10.1,36.5,0.1438
7,19,Eucalyptus Grandis,20.7,47.6,0.7546
7,20,Eucalyptus Grandis,21.8,48.6,0.838
7,21,Eucalyptus Grandis,26.2,51.4,1.4075
7,22,Eucalyptus Grandis,29.3,52.3,1.5188
7,23,Pinus Taeda,9.0,33.3,0.097
7,24,Eucalyptus Grandis,13.0,39.3,0.3046
7,25,Eucalyptus Urophylla,19.4,46.8,0.7546
7,26,Eucalyptus Grandis,30.0,52.0,1.3476
7,27,Eucalyptus Grandis,15.3,41.8,0.3627
7,28,Eucalyptus Grandis,23.2,46.3,1.1867
7,29,Eucalyptus Grandis,25.0,48.8,1.1988
7,30,Eucalyptus Grandis,19.8,44.1,0.7039
7,31,Pinus Taeda,13.8,41.4,0.2812
7,32,Eucalyptus Grandis,21.5,46.2,0.7374
7,33,Eucalyptus Grandis,20.2,47.7,0.7899
7,34,Eucalyptus Grandis,21.8,50.7,0.8918
7,35,Pinus Taeda,17.1,44.9,0.4609
7,36,Eucalyptus Grandis,22.1,46.3,0.875
7,37,Eucalyptus Grandis,18.8,43.7,0.5269
7,38,Eucalyptus Grandis,28.9,51.0,1.6896
7,39,Eucalyptus Grandis,15.6,43.4,0.3929
7,40,Eucalyptus Grandis,17.5,45.4,0.5389
7,41,Eucalyptus Urophylla,11.6,38.8,0.1908
7,42,Eucalyptus Grandis,27.7,49.3,1.5446
7,43,Eucalyptus Grandis,30.0,49.9,1.8181
7,44,Eucalyptus Grandis,34.0,52.5,2.1656
7,45,Eucalyptus Grandis,23.1,46.6,1.1123
8,1,Eucalyptus Grandis,19.4,46.6,0.7251
8,2,Pinus Taeda,18.7,42.3,0.6251
8,3,Eucalyptus Grandis,32.8,53.8,1.8892
8,4,Eucalyptus Grandis,30.0,51.1,1.6392
8,5,Pinus Taeda,10.6,35.9,0.1519
8,6,Eucalyptus Grandis,16.4,43.9,0.4612
8,7,Eucalyptus Grandis,24.4,48.4,1.2468
8,8,Eucalyptus Grandis,23.4,47.9,1.1632
8,9,Pinus Taeda,7.6,29.5,0.0666
8,10,Eucalyptus Grandis,25.9,46.0,1.0019
8,11,Pinus Taeda,22.0,46.7,0.9785
8,12,Eucalyptus Grandis,25.0,49.9,1.3153
8,13,Pinus Taeda,14.2,39.9,0.3154
8,14,Eucalyptus Grandis,15.0,42.7,0.3553
8,15,Eucalyptus Grandis,21.4,46.8,0.9261
8,16,Eucalyptus Grandis,11.9,36.4,0.1979
8,17,Eucalyptus Grandis,19.9,45.4,0.654
8,18,Pinus Taeda,9.6,31.6,0.1216
8,19,Eucalyptus Grandis,17.5,45.4,0.5853
8,20,Eucalyptus Urophylla,19.8,44.2,0.5478
8,21,Eucalyptus Grandis,12.7,36.9,0.2627
8,22,Pinus Taeda,11.7,34.9,0.1856
8,23,Eucalyptus Grandis,11.4,36.5,0.1708
8,24,Eucalyptus Grandis,19.1,46.5,0.7023
9,1,Eucalyptus Grandis,38.6,57.3,3.3526
9,2,Eucalyptus Grandis,24.0,46.7,0.8887
9,3,Eucalyptus Grandis,19.2,43.5,0.5202
9,4,Pinus Taeda,14.7,41.0,0.3704
9,5,Pinus Taeda,27.8,53.8,1.483
9,6,Eucalyptus Grandis,14.7,44.0,0.4237
9,7,Pinus Taeda,16.2,43.4,0.4154
9,8,Eucalyptus Grandis,34.0,53.4,2.5553
9,9,Pinus Taeda,15.4,40.4,0.3589
9,10,Pinus Taeda,19.5,43.5,0.6159
9,11,Eucalyptus Grandis,24.0,45.8,0.9073
9,12,Eucalyptus Grandis,15.3,42.5,0.4471
9,13,Eucalyptus Grandis,17.6,44.9,0.5623
9,14,Eucalyptus Grandis,14.0,41.6,0.327
9,15,Eucalyptus Urophylla,19.3,47.4,0.5617
9,16,Eucalyptus Urophylla,15.9,43.8,0.4047
9,17,Eucalyptus Grandis,26.9,51.0,1.5746
9,18,Eucalyptus Grandis,20.6,44.9,0.7609
9,19,Eucalyptus Urophylla,23.6,45.0,1.0162
9,20,Pinus Taeda,8.5,33.9,0.0977
9,21,Eucalyptus Grandis,21.2,49.9,1.0495
9,22,Pinus Taeda,7.3,32.7,0.0687
9,23,Eucalyptus Grandis,25.6,48.1,1.1054
9,24,Eucalyptus Grandis,26.3,48.3,1.1312
9,25,Eucalyptus Grandis,19.8,45.8,0.6477
9,26,Eucalyptus Grandis,16.5,45.4,0.5131
9,27,Eucalyptus Grandis,31.6,49.9,2.3289
9,28,Eucalyptus Grandis,23.9,46.6,1.2561
9,29,Eucalyptus Grandis,23.8,47.4,1.1209
9,30,Pinus Taeda,16.4,43.8,0.4664
9,31,Eucalyptus Grandis,32.2,50.5,1.886
9,32,Eucalyptus Grandis,18.2,46.3,0.5315
9,33,Pinus Taeda,7.7,34.2,0.0785
9,34,Eucalyptus Grandis,29.4,54.4,1.8941
9,35,Eucalyptus Grandis,21.3,48.2,0.6858
10,1,Eucalyptus Urophylla,5,24.9,0.0226
10,2,Pinus Taeda,16.6,44.1,0.519
10,3,Pinus Taeda,22.2,46.5,0.9611
10,4,Pinus Taeda,22.7,48.0,0.7654
10,5,Eucalyptus Grandis,30.1,52.0,1.4298
10,6,Eucalyptus Grandis,22.2,48.8,0.8
10,7,Eucalyptus Grandis,11.6,35.8,0.1732
10,8,Eucalyptus Grandis,20.3,45.6,0.6844
10,9,Pinus Taeda,8.4,34.6,0.0942
10,10,Pinus Taeda,19.7,41.7,0.8158
10,11,Eucalyptus Grandis,38.9,55.6,3.7233
10,12,Eucalyptus Grandis,26.5,51.4,1.2146
10,13,Eucalyptus Urophylla,28.0,53.4,1.6526
10,14,Eucalyptus Grandis,20.2,46.7,0.678
10,15,Eucalyptus Grandis,13.3,39.0,0.2424
10,16,Eucalyptus Grandis,6.6,29.8,0.0443
10,17,Eucalyptus Grandis,13.9,42.5,0.3225
10,18,Pinus Taeda,21.4,45.3,0.8152
10,19,Eucalyptus Grandis,21.6,48.9,0.6126
10,20,Eucalyptus Grandis,29.8,54.2,1.78
10,21,Eucalyptus Grandis,26.6,48.8,1.4743
10,22,Eucalyptus Grandis,17.5,42.6,0.4222
10,23,Eucalyptus Grandis,20.5,47.2,0.6206
10,24,Pinus Taeda,14.1,39.9,0.2422
10,25,Pinus Taeda,20.3,44.2,0.7499
10,26,Eucalyptus Grandis,25.2,49.8,1.2142
10,27,Eucalyptus Grandis,13.4,42.9,0.2631
10,28,Eucalyptus Grandis,18.9,42.5,0.8157
10,29,Pinus Taeda,6.2,28.1,0.0432
10,30,Eucalyptus Urophylla,19.5,44.5,0.6078
11,1,Eucalyptus Grandis,31.1,55.6,1.8451
11,2,Pinus Taeda,15.0,43.5,0.4173
11,3,Pinus Taeda,22.1,45.6,0.8573
11,4,Eucalyptus Urophylla,25.9,50.9,1.6625
11,5,Eucalyptus Grandis,21.4,48.0,0.9347
11,6,Eucalyptus Grandis,38.5,54.1,2.8416
11,7,Eucalyptus Grandis,16.1,40.9,0.394
11,8,Pinus Taeda,15.9,44.3,0.4167
11,9,Eucalyptus Urophylla,35.5,55.9,3.3545
11,10,Pinus Taeda,26.3,50.2,1.457
11,11,Eucalyptus Grandis,20.7,46.4,0.8559
11,12,Pinus Taeda,12.4,38.6,0.2496
11,13,Pinus Taeda,11.6,39.3,0.2031
11,14,Eucalyptus Grandis,18.2,43.0,0.5706
11,15,Eucalyptus Grandis,26.0,48.8,1.4144
11,16,Eucalyptus Grandis,21.5,47.5,0.7588
11,17,Eucalyptus Grandis,22.2,48.8,0.895
11,18,Eucalyptus Grandis,23.2,52.2,1.0292
11,19,Eucalyptus Grandis,36.7,54.3,3.1319
11,20,Pinus Taeda,5,25.9,0.0268
11,21,Eucalyptus Urophylla,7.9,33.2,0.0778
11,22,Eucalyptus Grandis,22.1,46.3,0.9055
11,23,Eucalyptus Grandis,27.4,51.4,1.2769
11,24,Pinus Taeda,10.3,36.2,0.1527
11,25,Eucalyptus Grandis,25.7,51.2,1.2383
11,26,Eucalyptus Grandis,27.3,53.3,1.6233
11,27,Eucalyptus Grandis,20.3,48.4,0.6891
11,28,Pinus Taeda,20.7,44.8,0.6814
11,29,Eucalyptus Grandis,27.6,52.2,1.7603
11,30,Eucalyptus Grandis,21.3,48.9,0.9644
11,31,Eucalyptus Grandis,23.9,49.0,1.0541
11,32,Eucalyptus Grandis,9.7,37.9,0.1639
11,33,Eucalyptus Grandis,27.6,50.3,1.3417
11,34,Pinus Taeda,24.0,47.0,0.9929
11,35,Eucalyptus Grandis,13.0,39.9,0.26
11,36,Eucalyptus Grandis,22.2,49.4,1.0191
11,37,Eucalyptus Grandis,33.4,51.5,2.0469
11,38,Eucalyptus Grandis,15.2,39.1,0.2761
11,39,Eucalyptus Grandis,22.3,48.5,0.8326
11,40,Pinus Taeda,19.0,45.8,0.5865
11,41,Pinus Taeda,18.4,47.6,0.6203
12,1,Eucalyptus Grandis,17.7,46.2,0.6393
12,2,Eucalyptus Grandis,24.5,44.8,1.1762
12,3,Eucalyptus Grandis,13.8,41.6,0.3273
12,4,Eucalyptus Grandis,17.5,42.2,0.4953
12,5,Eucalyptus Urophylla,26.0,49.1,1.4054
12,6,Pinus Taeda,16.2,40.3,0.3955
12,7,Eucalyptus Grandis,13.0,39.8,0.2979
12,8,Eucalyptus Grandis,27.8,50.9,1.5192
12,9,Pinus Taeda,22.6,47.3,1.0289
12,10,Eucalyptus Urophylla,23.6,47.2,1.1442
12,11,Eucalyptus Grandis,29.3,55.6,1.8314
12,12,Eucalyptus Urophylla,24.0,47.4,1.0324
12,13,Eucalyptus Grandis,32.8,52.2,2.2655
12,14,Eucalyptus Grandis,24.6,51.7,1.4017
12,15,Eucalyptus Grandis,17.6,42.3,0.4691
12,16,Eucalyptus Grandis,17.8,42.3,0.5151
12,17,Eucalyptus Grandis,20.2,46.2,0.7069
12,18,Pinus Taeda,26.8,50.7,1.5619
12,19,Eucalyptus Urophylla,18.9,47.0,0.6073
12,20,Eucalyptus Grandis,28.0,50.9,1.3588
12,21,Eucalyptus Grandis,9.9,33.5,0.1218
12,22,Pinus Taeda,32.3,51.7,2.3169
12,23,Eucalyptus Grandis,34.9,60.6,2.4182
12,24,Eucalyptus Grandis,5.6,27.3,0.0411
12,25,Pinus Taeda,14.2,43.7,0.3486
12,26,Eucalyptus Grandis,27.7,50.9,1.7253
12,27,Eucalyptus Grandis,21.4,50.9,0.8481
12,28,Eucalyptus Grandis,23.2,49.4,1.1046
12,29,Eucalyptus Grandis,28.6,52.9,1.9548
12,30,Pinus Taeda,7.3,29.7,0.0677
12,31,Pinus Taeda,30.3,53.6,1.7266
12,32,Eucalyptus Grandis,19.8,45.0,0.7317
12,33,Eucalyptus Grandis,26.8,50.5,1.5285
12,34,Pinus Taeda,23.7,48.3,1.0626
13,1,Eucalyptus Grandis,21.0,47.2,0.9383
13,2,Eucalyptus Grandis,27.7,53.7,1.9178
13,3,Pinus Taeda,11.2,36.5,0.1559
13,4,Eucalyptus Urophylla,18.7,46.3,0.7057
13,5,Eucalyptus Grandis,19.9,48.1,0.7429
13,6,Pinus Taeda,28.1,49.6,1.6302
13,7,Pinus Taeda,5.6,26.0,0.0281
13,8,Pinus Taeda,9.5,34.7,0.1052
13,9,Eucalyptus Grandis,33.9,56.2,2.0543
13,10,Eucalyptus Grandis,17.9,44.3,0.5941
13,11,Pinus Taeda,12.0,38.1,0.191
13,12,Pinus Taeda,15.8,42.9,0.45
13,13,Eucalyptus Grandis,27.3,48.1,1.3318
13,14,Eucalyptus Grandis,27.3,51.1,1.6004
13,15,Eucalyptus Grandis,22.1,45.0,0.9249
13,16,Eucalyptus Grandis,35.8,56.5,3.1638
13,17,Eucalyptus Grandis,21.3,47.6,0.8895
13,18,Pinus Taeda,15.7,37.5,0.3091
13,19,Eucalyptus Grandis,32.5,55.2,2.1787
13,20,Eucalyptus Grandis,35.9,54.1,3.1024
13,21,Eucalyptus Grandis,32.3,55.4,2.2595
13,22,Eucalyptus Grandis,35.2,54.2,2.6656
13,23,Eucalyptus Grandis,5,25.0,0.022
13,24,Eucalyptus Grandis,23.0,50.5,1.0871
13,25,Pinus Taeda,21.7,47.5,0.856
13,26,Pinus Taeda,5.7,24.3,0.0328
13,27,Eucalyptus Grandis,18.7,43.4,0.5599
13,28,Pinus Taeda,21.6,46.3,0.936
13,29,Eucalyptus Grandis,24.1,49.1,0.9262
13,30,Eucalyptus Grandis,27.1,50.7,1.6279
13,31,Eucalyptus Grandis,17.4,44.7,0.4343
13,32,Eucalyptus Grandis,36.5,51.2,2.4044
13,33,Eucalyptus Grandis,21.0,44.5,0.7347
13,34,Pinus Taeda,22.8,50.9,1.0088
13,35,Eucalyptus Grandis,21.3,46.0,0.7566
13,36,Eucalyptus Grandis,19.6,44.0,0.6507
13,37,Eucalyptus Grandis,26.2,50.4,1.4555
13,38,Pinus Taeda,22.8,50.0,1.1192
13,39,Eucalyptus Grandis,24.6,47.4,1.1055
13,40,Eucalyptus Grandis,20.6,47.4,0.7176
14,1,Pinus Taeda,20.1,46.9,0.7989
14,2,Pinus Taeda,6.6,27.2,0.0495
14,3,Pinus Taeda,29.0,49.7,1.5736
14,4,Pinus Taeda,9.3,39.1,0.1639
14,5,Eucalyptus Urophylla,23.6,54.6,1.5103
14,6,Eucalyptus Grandis,22.4,50.7,1.0616
14,7,Eucalyptus Grandis,36.9,55.7,2.6905
14,8,Eucalyptus Grandis,18.5,46.3,0.5495
14,9,Eucalyptus Grandis,21.3,49.4,0.8685
14,10,Pinus Taeda,23.8,47.9,0.948
14,11,Eucalyptus Grandis,26.6,51.5,1.5193
14,12,Eucalyptus Urophylla,15.6,41.5,0.417
14,13,Eucalyptus Grandis,27.1,52.0,1.3469
14,14,Pinus Taeda,15.9,41.4,0.4576
14,15,Pinus Taeda,5,24.2,0.0238
14,16,Pinus Taeda,23.4,51.4,0.8594
14,17,Eucalyptus Grandis,23.1,48.0,0.9786
14,18,Eucalyptus Grandis,31.6,49.1,1.7645
14,19,Eucalyptus Grandis,11.6,38.9,0.1931
14,20,Pinus Taeda,26.3,50.5,1.2387
14,21,Pinus Taeda,24.9,47.8,1.0744
14,22,Eucalyptus Grandis,30.9,52.9,2.2264
14,23,Eucalyptus Grandis,22.6,48.4,0.9682
14,24,Pinus Taeda,12.2,35.6,0.2164
14,25,Eucalyptus Grandis,20.2,47.2,0.7961
14,26,Eucalyptus Grandis,24.2,47.6,1.0104
14,27,Eucalyptus Grandis,26.1,44.6,1.0489
14,28,Eucalyptus Grandis,16.5,39.8,0.3777
14,29,Pinus Taeda,6.6,31.2,0.0563
14,30,Eucalyptus Grandis,22.9,48.4,1.0524
14,31,Eucalyptus Grandis,29.3,52.5,1.5466
14,32,Pinus Taeda,25.1,51.0,1.3456
14,33,Pinus Taeda,19.3,47.4,0.6422
14,34,Eucalyptus Grandis,36.2,57.2,3.2492
14,35,Eucalyptus Grandis,16.7,45.1,0.4754
14,36,Eucalyptus Urophylla,12.0,36.8,0.2032
14,37,Eucalyptus Grandis,15.1,42.8,0.4075
15,1,Pinus Taeda,14.1,38.8,0.2659
15,2,Pinus Taeda,25.7,49.7,1.2407
15,3,Pinus Taeda,16.2,43.8,0.4534
15,4,Pinus Taeda,20.8,44.8,0.694
15,5,Eucalyptus Urophylla,17.4,46.7,0.5679
15,6,Eucalyptus Grandis,14.5,39.6,0.3166
15,7,Eucalyptus Grandis,16.1,42.0,0.4325
15,8,Eucalyptus Grandis,16.2,44.5,0.4748
15,9,Eucalyptus Grandis,22.9,47.1,0.8994
15,10,Eucalyptus Grandis,26.2,52.3,1.3562
15,11,Pinus Taeda,20.4,47.0,0.6792
15,12,Eucalyptus Grandis,25.8,50.7,1.36
15,13,Eucalyptus Grandis,11.9,36.4,0.2045
15,14,Eucalyptus Grandis,21.2,47.7,0.7089
15,15,Eucalyptus Grandis,27.2,50.8,1.2535
15,16,Eucalyptus Grandis,20.6,46.5,0.8357
15,17,Eucalyptus Grandis,24.8,50.9,1.1633
15,18,Eucalyptus Grandis,33.6,57.0,2.3884
15,19,Eucalyptus Grandis,16.2,41.6,0.432
15,20,Eucalyptus Grandis,22.6,49.1,0.9041
15,21,Pinus Taeda,11.1,38.2,0.1968
15,22,Eucalyptus Grandis,12.9,38.8,0.2863
15,23,Pinus Taeda,13.7,40.7,0.2789
15,24,Pinus Taeda,21.7,43.9,0.6541
15,25,Pinus Taeda,15.4,43.8,0.4166
15,26,Eucalyptus Urophylla,15.5,44.5,0.557
15,27,Eucalyptus Grandis,22.2,47.3,0.8842
15,28,Eucalyptus Grandis,5.4,27.7,0.026
15,29,Eucalyptus Grandis,29.2,49.0,1.5989
15,30,Eucalyptus Grandis,18.6,45.1,0.6482
15,31,Eucalyptus Grandis,16.5,44.9,0.4282
15,32,Eucalyptus Grandis,16.7,47.1,0.4677
15,33,Eucalyptus Grandis,39.9,57.8,3.4158
15,34,Eucalyptus Grandis,9.8,36.4,0.1339
15,35,Eucalyptus Grandis,19.8,45.0,0.6251
15,36,Pinus Taeda,12.1,35.5,0.1617
15,37,Eucalyptus Grandis,22.9,47.4,1.0324
15,38,Pinus Taeda,20.9,44.0,0.7137
15,39,Eucalyptus Grandis,16.5,44.9,0.4486
15,40,Eucalyptus Grandis,12.3,41.2,0.2444
15,41,Eucalyptus Grandis,24.6,48.9,1.2541
15,42,Eucalyptus Grandis,12.1,36.8,0.2425
15,43,Eucalyptus Grandis,20.2,47.1,0.7402
15,44,Eucalyptus Grandis,14.4,44.3,0.3765
15,45,Eucalyptus Grandis,20.1,47.1,0.8006
15,46,Pinus Taeda,5,22.9,0.0222
16,1,Eucalyptus Grandis,26.9,50.3,1.3538
16,2,Pinus Taeda,20.5,46.2,0.7701
16,3,Pinus Taeda,21.0,49.5,0.7547
16,4,Eucalyptus Grandis,29.0,51.9,1.4023
16,5,Eucalyptus Grandis,33.4,56.3,2.5509
16,6,Eucalyptus Grandis,27.7,50.8,1.8348
16,7,Eucalyptus Grandis,15.9,40.7,0.3629
16,8,Eucalyptus Grandis,16.0,44.5,0.3962
16,9,Pinus Taeda,16.4,41.6,0.4255
16,10,Eucalyptus Grandis,20.1,47.6,0.7987
16,11,Eucalyptus Grandis,19.1,43.3,0.5909
16,12,Eucalyptus Grandis,23.9,50.0,1.2681
16,13,Pinus Taeda,5,18.7,0.0164
16,14,Eucalyptus Grandis,19.3,44.8,0.7213
16,15,Eucalyptus Grandis,21.4,47.5,0.9569
16,16,Eucalyptus Urophylla,31.7,50.8,1.9967
16,17,Pinus Taeda,6.4,31.1,0.048
16,18,Eucalyptus Grandis,22.2,47.9,0.8502
16,19,Eucalyptus Grandis,17.9,44.3,0.4689
16,20,Pinus Taeda,21.1,46.1,0.7938
16,21,Eucalyptus Grandis,24.0,45.3,0.897
16,22,Eucalyptus Grandis,31.7,52.7,1.8231
16,23,Eucalyptus Urophylla,32.5,55.8,2.3162
16,24,Eucalyptus Urophylla,16.1,41.2,0.4314
16,25,Pinus Taeda,5,27.8,0.0276
16,26,Pinus Taeda,12.9,38.1,0.2368
16,27,Pinus Taeda,15.2,41.2,0.3901
16,28,Eucalyptus Grandis,25.7,51.7,1.3864
16,29,Eucalyptus Grandis,16.0,42.5,0.4172
16,30,Eucalyptus Grandis,16.5,47.0,0.3887
17,1,Pinus Taeda,25.7,52.5,1.3213
17,2,Eucalyptus Grandis,23.3,46.8,0.8689
17,3,Eucalyptus Grandis,25.7,51.4,1.3371
17,4,Eucalyptus Grandis,35.5,56.6,3.1099
17,5,Pinus Taeda,16.0,43.4,0.457
17,6,Eucalyptus Grandis,10.5,36.6,0.1341
17,7,Pinus Taeda,10.2,36.8,0.124
17,8,Pinus Taeda,11.1,41.9,0.2327
17,9,Pinus Taeda,13.6,36.8,0.2749
17,10,Eucalyptus Urophylla,15.2,43.2,0.3511
17,11,Eucalyptus Grandis,20.2,48.8,0.8863
17,12,Pinus Taeda,28.0,54.0,1.4886
17,13,Eucalyptus Grandis,12.6,36.6,0.2805
17,14,Eucalyptus Grandis,23.6,42.7,1.0121
17,15,Eucalyptus Grandis,37.3,55.5,3.222
17,16,Pinus Taeda,14.0,41.5,0.3095
17,17,Eucalyptus Grandis,31.0,54.3,2.0095
17,18,Pinus Taeda,16.2,42.6,0.3662
17,19,Eucalyptus Grandis,24.6,49.8,1.1943
17,20,Eucalyptus Grandis,24.7,47.2,1.1159
17,21,Eucalyptus Grandis,20.0,47.1,0.8126
17,22,Eucalyptus Grandis,13.7,40.7,0.3128
17,23,Pinus Taeda,23.3,49.7,1.0279
17,24,Pinus Taeda,24.5,51.3,1.0864
17,25,Pinus Taeda,26.2,51.4,1.3217
17,26,Eucalyptus Grandis,19.3,46.5,0.7901
17,27,Eucalyptus Urophylla,16.4,41.8,0.4607
17,28,Eucalyptus Grandis,36.6,57.6,3.3727
17,29,Eucalyptus Grandis,10.8,38.5,0.1767
17,30,Eucalyptus Grandis,32.1,50.8,1.8608
17,31,Eucalyptus Grandis,23.5,48.5,1.1749
17,32,Eucalyptus Grandis,10.3,35.3,0.1411
17,33,Eucalyptus Grandis,14.6,38.7,0.3305
17,34,Eucalyptus Grandis,17.0,44.0,0.5704
17,35,Eucalyptus Grandis,22.8,48.0,0.9249
17,36,Eucalyptus Grandis,26.7,51.7,1.3191
17,37,Eucalyptus Grandis,25.7,52.0,1.4011
17,38,Eucalyptus Grandis,21.8,48.9,0.9181
17,39,Eucalyptus Urophylla,28.7,51.0,1.5905
17,40,Pinus Taeda,28.8,49.9,1.7015
17,41,Pinus Taeda,14.1,40.7,0.3289
18,1,Eucalyptus Grandis,23.4,49.5,0.9411
18,2,Eucalyptus Grandis,13.2,37.2,0.2506
18,3,Pinus Taeda,15.7,42.1,0.3292
18,4,Eucalyptus Grandis,28.4,52.6,1.4475
18,5,Eucalyptus Grandis,24.8,49.3,0.9954
18,6,Eucalyptus Grandis,19.2,42.6,0.6953
18,7,Eucalyptus Grandis,36.8,56.0,2.5126
18,8,Eucalyptus Grandis,30.5,55.1,1.9635
18,9,Pinus Taeda,32.5,57.1,2.4472
18,10,Eucalyptus Grandis,32.2,54.6,2.1442
18,11,Eucalyptus Grandis,20.7,45.3,0.8313
18,12,Eucalyptus Grandis,18.4,46.1,0.6768
18,13,Pinus Taeda,23.5,49.0,1.1882
18,14,Eucalyptus Grandis,25.4,48.7,1.1145
18,15,Eucalyptus Grandis,23.2,52.0,1.0082
18,16,Eucalyptus Grandis,31.9,51.5,1.8994
18,17,Eucalyptus Grandis,25.0,49.3,1.1154
18,18,Eucalyptus Grandis,16.2,44.8,0.4854
18,19,Pinus Taeda,15.5,47.3,0.4333
18,20,Eucalyptus Grandis,16.4,43.6,0.4835
18,21,Eucalyptus Grandis,16.8,45.0,0.5004
18,22,Eucalyptus Grandis,18.8,47.9,0.5781
18,23,Eucalyptus Grandis,24.1,49.2,1.0489
18,24,Eucalyptus Urophylla,22.3,46.4,0.9991
18,25,Eucalyptus Grandis,22.3,45.7,1.0328
18,26,Pinus Taeda,18.4,45.0,0.5343
18,27,Pinus Taeda,6.6,31.6,0.0581
18,28,Eucalyptus Grandis,19.5,45.9,0.7935
18,29,Eucalyptus Grandis,21.8,51.3,0.8604
18,30,Eucalyptus Grandis,19.9,44.3,0.7176
18,31,Eucalyptus Grandis,21.5,49.8,1.0285
18,32,Eucalyptus Grandis,15.2,41.2,0.4006
18,33,Eucalyptus Grandis,20.9,45.5,0.9092
18,34,Pinus Taeda,17.4,42.4,0.5014
18,35,Eucalyptus Grandis,24.7,49.9,1.0398
18,36,Eucalyptus Grandis,26.0,52.1,1.2404
18,37,Eucalyptus Urophylla,26.8,51.1,1.5607
18,38,Eucalyptus Grandis,25.0,50.4,1.1465
18,39,Pinus Taeda,5.9,31.6,0.0453
18,40,Eucalyptus Grandis,26.4,51.2,1.2976
18,41,Pinus Taeda,24.6,49.0,1.5198
18,42,Eucalyptus Grandis,15.7,43.8,0.4236
18,43,Eucalyptus Grandis,16.7,43.9,0.4559
18,44,Eucalyptus Grandis,31.6,48.1,2.1256
18,45,Eucalyptus Grandis,31.5,51.1,1.782
18,46,Eucalyptus Grandis,21.3,50.8,0.9378
18,47,Eucalyptus Urophylla,22.3,46.9,0.9326
18,48,Eucalyptus Urophylla,25.0,48.0,1.3044
18,49,Eucalyptus Grandis,24.1,45.7,0.9557
19,1,Eucalyptus Grandis,16.5,44.8,0.4153
19,2,Eucalyptus Grandis,34.2,53.2,2.4897
19,3,Pinus Taeda,10.5,34.6,0.1188
19,4,Eucalyptus Grandis,22.1,49.4,0.9962
19,5,Eucalyptus Grandis,14.2,38.3,0.3038
19,6,Eucalyptus Grandis,44.4,60.1,4.7086
19,7,Pinus Taeda,5.9,28.4,0.036
19,8,Eucalyptus Grandis,29.5,52.0,1.8176
19,9,Eucalyptus Grandis,34.6,55.1,2.4994
19,10,Eucalyptus Grandis,34.5,52.8,2.7231
19,11,Eucalyptus Grandis,24.8,50.7,1.2329
19,12,Pinus Taeda,26.6,50.2,1.1586
19,13,Eucalyptus Urophylla,5,22.8,0.0184
19,14,Eucalyptus Urophylla,32.6,54.2,2.4095
19,15,Eucalyptus Grandis,21.5,45.4,0.7163
19,16,Eucalyptus Grandis,16.1,42.0,0.4178
19,17,Eucalyptus Urophylla,28.6,48.5,1.7492
19,18,Eucalyptus Grandis,20.4,47.2,0.7776
19,19,Pinus Taeda,25.9,50.4,1.2377
19,20,Pinus Taeda,26.4,49.7,1.4318
19,21,Pinus Taeda,19.7,45.5,0.7583
19,22,Eucalyptus Grandis,30.8,54.6,2.1936
19,23,Eucalyptus Grandis,31.8,54.6,2.0172
19,24,Eucalyptus Grandis,14.1,38.6,0.3752
19,25,Pinus Taeda,8.8,35.0,0.0972
19,26,Pinus Taeda,18.5,41.2,0.5096
19,27,Pinus Taeda,11.6,40.4,0.2217
19,28,Pinus Taeda,11.7,37.8,0.2154
19,29,Eucalyptus Grandis,19.3,43.2,0.6961
19,30,Eucalyptus Grandis,12.3,39.7,0.2547
19,31,Pinus Taeda,10.3,34.4,0.1566
19,32,Eucalyptus Grandis,27.0,52.4,1.5651
20,1,Eucalyptus Grandis,24.3,48.6,1.0859
20,2,Pinus Taeda,8.3,31.6,0.0877
20,3,Eucalyptus Grandis,26.9,51.3,1.4635
20,4,Eucalyptus Grandis,22.2,47.2,0.674
20,5,Pinus Taeda,11.2,37.6,0.177
20,6,Eucalyptus Grandis,21.1,48.9,0.7614
20,7,Pinus Taeda,19.4,46.4,0.7182
20,8,Eucalyptus Grandis,17.2,44.7,0.5132
20,9,Eucalyptus Grandis,13.9,43.1,0.2602
20,10,Eucalyptus Grandis,17.6,42.0,0.4716
20,11,Eucalyptus Grandis,38.4,56.9,3.6471
20,12,Eucalyptus Grandis,34.7,55.6,2.735
20,13,Eucalyptus Grandis,18.4,42.0,0.5529
20,14,Eucalyptus Grandis,16.5,43.4,0.4788
20,15,Eucalyptus Grandis,24.2,48.1,1.0313
20,16,Eucalyptus Grandis,27.7,49.7,1.3249
20,17,Eucalyptus Grandis,26.2,50.5,1.3467
20,18,Pinus Taeda,20.8,46.1,0.8568
20,19,Eucalyptus Grandis,20.4,45.8,0.7025
20,20,Pinus Taeda,16.8,42.1,0.5037
20,21,Eucalyptus Grandis,17.1,44.2,0.5054
20,22,Pinus Taeda,20.5,46.2,0.7344
20,23,Eucalyptus Grandis,5,24.1,0.0211
20,24,Pinus Taeda,13.2,40.9,0.2534
20,25,Eucalyptus Grandis,27.3,49.2,1.5605
20,26,Eucalyptus Grandis,16.6,46.0,0.4526
20,27,Eucalyptus Grandis,32.2,51.3,1.9609
20,28,Eucalyptus Grandis,13.3,40.2,0.2621
20,29,Eucalyptus Urophylla,34.5,53.8,2.6999
20,30,Eucalyptus Urophylla,27.2,44.5,1.4683
21,1,Eucalyptus Grandis,16.9,42.7,0.4665
21,2,Eucalyptus Grandis,9.4,32.5,0.1078
21,3,Pinus Taeda,5,24.9,0.0282
21,4,Eucalyptus Grandis,22.8,48.4,0.9407
21,5,Eucalyptus Grandis,13.5,39.3,0.2939
21,6,Eucalyptus Grandis,21.3,47.8,0.7047
21,7,Pinus Taeda,28.5,48.7,1.5333
21,8,Eucalyptus Grandis,32.2,52.2,2.1474
21,9,Eucalyptus Grandis,14.2,39.1,0.2843
21,10,Pinus Taeda,22.1,47.5,0.8841
21,11,Eucalyptus Grandis,21.2,49.0,0.7842
21,12,Eucalyptus Grandis,32.6,55.7,1.9411
21,13,Pinus Taeda,23.0,48.1,0.9478
21,14,Pinus Taeda,29.0,50.4,1.9072
21,15,Pinus Taeda,24.4,50.4,1.2814
21,16,Eucalyptus Grandis,18.3,43.0,0.5598
21,17,Eucalyptus Grandis,22.7,47.4,0.9347
21,18,Pinus Taeda,11.1,34.8,0.1651
21,19,Eucalyptus Grandis,25.3,48.8,1.2564
21,20,Eucalyptus Grandis,22.6,47.2,0.9952
21,21,Eucalyptus Grandis,15.1,42.5,0.4315
21,22,Eucalyptus Grandis,17.1,41.7,0.4825
21,23,Eucalyptus Urophylla,13.3,40.5,0.2514
21,24,Eucalyptus Grandis,33.1,54.2,2.2432
21,25,Eucalyptus Grandis,35.1,55.9,2.7395
21,26,Eucalyptus Grandis,17.2,44.2,0.548
21,27,Pinus Taeda,5,25.1,0.0283
21,28,Eucalyptus Grandis,19.8,46.9,0.7549
21,29,Pinus Taeda,19.6,48.6,0.8416
21,30,Pinus Taeda,14.1,40.3,0.3807
21,31,Pinus Taeda,13.3,40.5,0.2704
21,32,Pinus Taeda,26.0,50.0,1.3192
21,33,Eucalyptus Urophylla,35.1,53.9,2.2835
21,34,Eucalyptus Grandis,18.5,44.1,0.5304
21,35,Eucalyptus Grandis,21.0,48.7,0.8227
21,36,Eucalyptus Urophylla,32.1,52.6,2.0164
21,37,Eucalyptus Grandis,22.1,48.4,1.0339
21,38,Eucalyptus Grandis,12.0,38.1,0.2262
21,39,Eucalyptus Grandis,16.1,43.0,0.4749
21,40,Pinus Taeda,14.1,35.4,0.2317
22,1,Eucalyptus Grandis,21.3,45.8,0.6763
22,2,Eucalyptus Urophylla,19.4,44.7,0.5913
22,3,Pinus Taeda,25.7,46.6,1.2317
22,4,Eucalyptus Grandis,24.9,49.3,1.4182
22,5,Pinus Taeda,22.3,50.6,0.9662
22,6,Eucalyptus Grandis,24.6,49.3,1.0713
22,7,Pinus Taeda,15.3,43.6,0.3794
22,8,Eucalyptus Grandis,35.1,56.4,2.4599
22,9,Eucalyptus Urophylla,35.2,56.5,2.1964
22,10,Eucalyptus Grandis,22.0,47.5,0.9315
22,11,Pinus Taeda,21.0,48.0,0.7404
22,12,Eucalyptus Urophylla,26.9,49.0,1.4244
22,13,Pinus Taeda,19.5,43.6,0.6234
22,14,Pinus Taeda,14.8,43.3,0.3733
22,15,Pinus Taeda,23.8,51.8,0.957
22,16,Eucalyptus Grandis,22.8,46.1,0.8532
22,17,Eucalyptus Grandis,28.7,51.2,1.7635
22,18,Eucalyptus Grandis,23.1,50.2,1.0601
22,19,Pinus Taeda,21.8,50.3,0.8891
22,20,Pinus Taeda,14.2,40.5,0.3347
22,21,Eucalyptus Grandis,18.4,44.3,0.6112
22,22,Eucalyptus Grandis,16.7,43.2,0.41
22,23,Eucalyptus Grandis,39.5,52.2,2.8195
22,24,Eucalyptus Grandis,34.6,56.3,3.243
22,25,Eucalyptus Urophylla,17.9,45.4,0.5669
22,26,Pinus Taeda,14.3,40.2,0.3123
22,27,Eucalyptus Grandis,20.9,46.4,0.8396
22,28,Eucalyptus Grandis,18.2,51.0,0.7279
22,29,Pinus Taeda,17.2,43.6,0.4871
22,30,Eucalyptus Grandis,15.2,40.0,0.3509
22,31,Eucalyptus Grandis,18.7,42.6,0.5578
22,32,Pinus Taeda,27.8,50.8,1.7504
22,33,Eucalyptus Grandis,23.6,47.9,1.0374
22,34,Eucalyptus Grandis,18.6,46.2,0.6535
22,35,Eucalyptus Grandis,21.3,49.6,0.9249
22,36,Eucalyptus Grandis,32.4,55.7,2.3621
22,37,Eucalyptus Grandis,27.7,50.4,1.7452
22,38,Eucalyptus Urophylla,22.2,49.3,0.8321
22,39,Eucalyptus Grandis,29.1,53.1,1.7523
22,40,Eucalyptus Grandis,18.8,46.0,0.8282
22,41,Eucalyptus Grandis,18.9,45.6,0.6479
22,42,Eucalyptus Grandis,23.8,49.4,1.0086
22,43,Pinus Taeda,27.8,53.1,1.9136
22,44,Pinus Taeda,21.9,48.5,0.9889
22,45,Eucalyptus Grandis,11.6,35.2,0.2145
22,46,Eucalyptus Grandis,29.1,47.7,1.8234
23,1,Pinus Taeda,15.1,39.9,0.2916
23,2,Eucalyptus Grandis,28.9,53.9,1.9784
23,3,Eucalyptus Urophylla,23.8,48.1,1.1742
23,4,Eucalyptus Grandis,17.7,41.9,0.5423
23,5,Pinus Taeda,7.3,28.6,0.0669
23,6,Pinus Taeda,10.3,34.0,0.1434
23,7,Pinus Taeda,15.6,42.8,0.4054
23,8,Pinus Taeda,17.1,40.6,0.4543
23,9,Pinus Taeda,20.8,51.8,0.9545
23,10,Pinus Taeda,11.9,36.9,0.1904
23,11,Pinus Taeda,7.7,32.3,0.0725
23,12,Pinus Taeda,14.9,44.0,0.3504
23,13,Eucalyptus Grandis,29.6,51.2,1.5593
23,14,Eucalyptus Grandis,23.6,48.7,0.9715
23,15,Eucalyptus Grandis,20.5,48.9,0.7322
23,16,Pinus Taeda,15.9,44.7,0.4666
23,17,Eucalyptus Grandis,29.0,53.0,1.5521
23,18,Pinus Taeda,36.0,57.1,2.9389
23,19,Eucalyptus Grandis,9.5,33.9,0.1282
23,20,Pinus Taeda,5,27.4,0.0247
23,21,Pinus Taeda,11.8,38.8,0.23
23,22,Pinus Taeda,6.5,27.7,0.0528
23,23,Eucalyptus Grandis,20.6,44.8,0.7143
23,24,Pinus Taeda,18.9,47.3,0.6644
23,25,Pinus Taeda,20.7,44.4,0.7222
23,26,Pinus Taeda,20.4,42.8,0.7056
23,27,Pinus Taeda,13.5,41.2,0.2999
23,28,Pinus Taeda,21.3,48.0,1.011
24,1,Pinus Taeda,23.6,50.0,1.2803
24,2,Eucalyptus Grandis,16.1,43.3,0.393
24,3,Pinus Taeda,21.6,47.1,0.7569
24,4,Eucalyptus Grandis,22.1,51.2,0.9078
24,5,Eucalyptus Grandis,6.2,28.4,0.0454
24,6,Pinus Taeda,26.3,51.7,1.5047
24,7,Pinus Taeda,24.1,47.4,0.8554
24,8,Eucalyptus Urophylla,34.9,54.7,2.4078
24,9,Eucalyptus Urophylla,29.6,51.7,1.9016
24,10,Pinus Taeda,23.4,48.6,0.957
24,11,Pinus Taeda,25.1,47.2,1.3196
24,12,Eucalyptus Grandis,18.1,43.6,0.5282
24,13,Eucalyptus Grandis,12.7,34.4,0.1856
24,14,Eucalyptus Grandis,7.7,31.3,0.0668
24,15,Eucalyptus Grandis,17.2,45.8,0.4608
24,16,Eucalyptus Grandis,17.5,44.2,0.4296
24,17,Eucalyptus Grandis,29.3,49.0,1.6149
24,18,Eucalyptus Grandis,21.8,46.9,0.824
24,19,Pinus Taeda,21.1,48.4,0.8456
24,20,Pinus Taeda,31.4,52.1,2.3414
24,21,Eucalyptus Grandis,23.3,47.7,1.1296
24,22,Pinus Taeda,9.5,34.9,0.1078
24,23,Eucalyptus Grandis,24.7,45.9,1.0616
24,24,Eucalyptus Urophylla,32.1,49.5,2.3288
24,25,Eucalyptus Urophylla,18.6,47.5,0.6943
24,26,Pinus Taeda,18.4,45.8,0.4882
25,1,Eucalyptus Grandis,14.7,39.3,0.3035
25,2,Pinus Taeda,24.9,50.6,1.4188
25,3,Eucalyptus Grandis,5,27.3,0.0329
25,4,Pinus Taeda,26.1,50.7,1.3829
25,5,Eucalyptus Grandis,21.6,48.6,0.8958
25,6,Eucalyptus Grandis,21.4,47.8,0.8502
25,7,Eucalyptus Urophylla,12.1,36.7,0.1824
25,8,Eucalyptus Grandis,12.5,39.8,0.2143
25,9,Eucalyptus Grandis,19.8,43.7,0.7514
25,10,Pinus Taeda,15.7,44.0,0.4708
25,11,Eucalyptus Grandis,13.5,43.7,0.2982
25,12,Eucalyptus Grandis,16.6,46.1,0.4776
25,13,Eucalyptus Grandis,11.2,36.3,0.1736
25,14,Eucalyptus Grandis,19.2,45.8,0.7579
25,15,Eucalyptus Urophylla,22.1,48.3,0.9947
25,16,Pinus Taeda,13.5,41.5,0.312
25,17,Pinus Taeda,26.3,50.7,1.3984
25,18,Eucalyptus Grandis,13.7,38.9,0.2887
25,19,Pinus Taeda,16.8,44.4,0.6003
25,20,Pinus Taeda,28.6,48.9,1.525
25,21,Eucalyptus Grandis,18.7,44.2,0.5614
25,22,Eucalyptus Grandis,9.8,37.5,0.1159
25,23,Pinus Taeda,6.2,30.1,0.0517
25,24,Eucalyptus Grandis,26.7,50.5,1.3753
25,25,Eucalyptus Grandis,24.3,50.5,1.3675
25,26,Eucalyptus Urophylla,27.6,49.2,1.5602
25,27,Eucalyptus Grandis,19.2,47.4,0.6917
25,28,Pinus Taeda,18.5,48.1,0.6879
25,29,Eucalyptus Grandis,25.8,48.5,1.1629
25,30,Pinus Taeda,17.9,43.3,0.5173
25,31,Eucalyptus Urophylla,12.4,41.6,0.2656
25,32,Eucalyptus Grandis,22.8,48.1,0.8067
25,33,Pinus Taeda,15.2,44.8,0.3812
25,34,Eucalyptus Urophylla,36.0,57.0,2.5903
25,35,Eucalyptus Urophylla,36.2,55.4,2.9035
25,36,Eucalyptus Grandis,23.6,46.7,1.1008
25,37,Eucalyptus Grandis,24.9,52.7,1.2698
25,38,Eucalyptus Urophylla,17.2,44.6,0.4951
25,39,Eucalyptus Grandis,18.0,43.6,0.6169
25,40,Eucalyptus Grandis,28.9,54.9,1.9013
25,41,Eucalyptus Urophylla,12.4,38.2,0.2615
25,42,Eucalyptus Grandis,26.6,51.4,1.6063
25,43,Eucalyptus Urophylla,15.5,44.7,0.4251
25,44,Eucalyptus Grandis,27.7,51.9,1.733
25,45,Eucalyptus Grandis,16.2,40.5,0.4485
25,46,Pinus Taeda,25.4,51.0,1.2719
26,1,Eucalyptus Grandis,24.0,52.2,0.9726
26,2,Eucalyptus Grandis,27.2,50.4,1.1657
26,3,Eucalyptus Grandis,18.2,46.1,0.5643
26,4,Pinus Taeda,16.6,45.6,0.4116
26,5,Eucalyptus Grandis,16.7,43.2,0.4874
26,6,Eucalyptus Grandis,20.2,48.7,0.7912
26,7,Eucalyptus Grandis,15.8,41.7,0.3337
26,8,Eucalyptus Grandis,13.8,33.6,0.2265
26,9,Eucalyptus Grandis,23.1,46.5,1.0024
26,10,Pinus Taeda,29.9,51.7,2.0113
26,11,Eucalyptus Grandis,15.4,43.7,0.3658
26,12,Pinus Taeda,6.4,28.2,0.0436
26,13,Eucalyptus Grandis,17.9,45.0,0.645
26,14,Eucalyptus Urophylla,18.7,45.0,0.5472
26,15,Eucalyptus Grandis,23.6,51.0,1.2143
26,16,Eucalyptus Grandis,24.6,50.5,1.4525
26,17,Eucalyptus Grandis,14.4,41.7,0.4309
26,18,Eucalyptus Grandis,27.7,50.4,1.342
26,19,Pinus Taeda,20.8,45.5,0.7271
26,20,Pinus Taeda,16.8,41.7,0.5126
26,21,Pinus Taeda,11.2,37.3,0.2022
26,22,Eucalyptus Grandis,17.4,45.7,0.497
26,23,Eucalyptus Grandis,15.4,40.9,0.3956
26,24,Eucalyptus Grandis,25.2,48.8,1.1512
26,25,Eucalyptus Grandis,14.8,44.1,0.3995
26,26,Pinus Taeda,21.4,46.8,0.7469
26,27,Eucalyptus Grandis,23.0,49.5,1.0393
26,28,Eucalyptus Grandis,20.7,45.7,0.7487
26,29,Pinus Taeda,26.8,51.3,1.5519
26,30,Eucalyptus Grandis,23.9,51.5,1.1147
27,1,Pinus Taeda,26.2,48.1,1.4329
27,2,Eucalyptus Grandis,6.7,28.1,0.0461
27,3,Eucalyptus Grandis,23.4,50.6,1.1778
27,4,Pinus Taeda,25.2,48.0,1.0969
27,5,Eucalyptus Grandis,15.8,38.5,0.3657
27,6,Eucalyptus Grandis,20.5,46.9,0.7844
27,7,Eucalyptus Grandis,31.0,51.2,2.0541
27,8,Eucalyptus Grandis,13.5,42.5,0.2803
27,9,Pinus Taeda,6.5,28.7,0.0534
27,10,Eucalyptus Urophylla,27.7,51.0,1.5349
27,11,Eucalyptus Urophylla,18.8,43.4,0.4945
27,12,Pinus Taeda,24.8,45.2,1.203
27,13,Eucalyptus Grandis,22.8,46.4,1.0168
27,14,Pinus Taeda,5,23.6,0.022
27,15,Eucalyptus Grandis,23.5,44.3,1.0729
27,16,Eucalyptus Grandis,26.8,50.6,1.4421
27,17,Pinus Taeda,26.5,50.6,1.2612
27,18,Eucalyptus Grandis,21.2,47.8,0.7621
27,19,Eucalyptus Grandis,13.7,41.7,0.3046
27,20,Eucalyptus Grandis,30.7,47.9,1.4176
27,21,Eucalyptus Grandis,24.5,51.7,1.1471
27,22,Eucalyptus Grandis,20.4,40.6,0.6837
27,23,Eucalyptus Grandis,23.1,46.4,1.0979
27,24,Eucalyptus Grandis,32.7,54.1,2.6657
27,25,Eucalyptus Urophylla,28.7,53.1,1.7869
27,26,Pinus Taeda,5.7,27.1,0.0335
27,27,Eucalyptus Grandis,13.7,37.8,0.2926
27,28,Pinus Taeda,10.9,38.5,0.187
27,29,Eucalyptus Grandis,13.3,38.1,0.2889
27,30,Pinus Taeda,15.0,40.8,0.4508
27,31,Eucalyptus Grandis,22.6,46.8,0.9249
27,32,Pinus Taeda,18.0,46.8,0.5651
27,33,Eucalyptus Grandis,23.8,46.5,0.9889
27,34,Pinus Taeda,8.8,32.1,0.1086
27,35,Eucalyptus Urophylla,26.8,51.5,1.2781
27,36,Eucalyptus Grandis,28.2,51.5,1.6352
27,37,Pinus Taeda,25.7,48.8,1.2415
27,38,Eucalyptus Grandis,13.1,37.8,0.2931
28,1,Pinus Taeda,23.5,53.0,1.0697
28,2,Eucalyptus Grandis,19.5,46.5,0.711
28,3,Eucalyptus Grandis,33.9,53.0,2.8627
28,4,Pinus Taeda,14.2,38.4,0.2828
28,5,Eucalyptus Urophylla,10.9,35.8,0.169
28,6,Eucalyptus Grandis,5,22.9,0.0232
28,7,Eucalyptus Grandis,24.0,49.5,0.8798
28,8,Pinus Taeda,5,25.7,0.0274
28,9,Eucalyptus Urophylla,21.0,46.9,0.8425
28,10,Eucalyptus Grandis,17.4,42.4,0.4211
28,11,Eucalyptus Grandis,29.2,51.0,1.4884
28,12,Eucalyptus Grandis,33.8,57.0,2.4308
28,13,Eucalyptus Urophylla,17.3,44.1,0.5087
28,14,Eucalyptus Grandis,7.8,32.6,0.0835
28,15,Pinus Taeda,19.9,46.9,0.8253
28,16,Pinus Taeda,12.9,37.1,0.2154
28,17,Eucalyptus Grandis,29.8,52.8,1.6856
28,18,Eucalyptus Urophylla,16.4,46.5,0.4315
28,19,Eucalyptus Grandis,37.5,55.2,3.0075
28,20,Eucalyptus Grandis,26.9,54.1,1.6292
28,21,Eucalyptus Grandis,14.0,40.3,0.2731
28,22,Eucalyptus Grandis,28.6,54.7,1.717
28,23,Eucalyptus Grandis,21.6,47.1,0.8907
28,24,Eucalyptus Grandis,31.0,51.6,1.849
28,25,Eucalyptus Grandis,22.6,50.3,0.9359
28,26,Eucalyptus Grandis,17.6,45.1,0.6312
28,27,Eucalyptus Grandis,25.5,48.6,1.2691
29,1,Pinus Taeda,21.4,48.5,0.7441
29,2,Pinus Taeda,5,24.1,0.0251
29,3,Pinus Taeda,29.8,51.9,1.8142
29,4,Eucalyptus Grandis,31.8,56.4,2.0511
29,5,Eucalyptus Grandis,15.7,41.1,0.4004
29,6,Pinus Taeda,21.1,47.3,0.8568
29,7,Eucalyptus Grandis,26.2,50.8,1.3171
29,8,Pinus Taeda,17.6,46.2,0.4662
29,9,Eucalyptus Grandis,17.5,42.7,0.5387
29,10,Pinus Taeda,10.8,35.4,0.1503
29,11,Eucalyptus Urophylla,15.0,41.5,0.3984
29,12,Eucalyptus Grandis,23.2,46.3,1.0975
29,13,Eucalyptus Grandis,26.6,54.4,1.4296
29,14,Pinus Taeda,24.6,48.4,1.061
29,15,Eucalyptus Urophylla,17.4,45.8,0.5684
29,16,Eucalyptus Grandis,15.7,40.0,0.3565
29,17,Pinus Taeda,13.7,41.5,0.2349
29,18,Pinus Taeda,10.4,36.1,0.1683
29,19,Eucalyptus Grandis,33.9,54.3,2.6362
29,20,Pinus Taeda,18.0,43.3,0.5312
29,21,Eucalyptus Urophylla,23.9,48.3,1.0895
29,22,Pinus Taeda,5,24.4,0.0266
29,23,Eucalyptus Grandis,27.9,53.0,1.553
29,24,Eucalyptus Grandis,21.4,45.1,0.8806
29,25,Eucalyptus Grandis,28.1,53.2,1.6836
29,26,Eucalyptus Urophylla,27.2,49.2,1.6595
29,27,Eucalyptus Grandis,10.1,39.2,0.1857
29,28,Eucalyptus Grandis,15.5,41.2,0.3882
29,29,Eucalyptus Grandis,7.7,30.3,0.0638
29,30,Eucalyptus Urophylla,17.0,44.0,0.5356
29,31,Eucalyptus Grandis,25.2,49.9,1.2594
29,32,Eucalyptus Grandis,22.2,46.7,0.8782
29,33,Pinus Taeda,26.4,47.0,1.2973
29,34,Eucalyptus Grandis,23.2,44.9,0.8101
29,35,Eucalyptus Grandis,14.8,43.3,0.4438
29,36,Eucalyptus Grandis,22.0,50.8,0.8553
29,37,Eucalyptus Grandis,11.6,40.5,0.2283
29,38,Eucalyptus Grandis,25.0,47.0,1.1218
30,1,Pinus Taeda,12.8,40.3,0.2343
30,2,Pinus Taeda,20.4,48.0,0.7135
30,3,Eucalyptus Grandis,14.6,40.6,0.3246
30,4,Eucalyptus Grandis,30.2,53.2,1.9401
30,5,Eucalyptus Grandis,25.0,48.9,1.0114
30,6,Eucalyptus Grandis,26.8,52.5,1.4109
30,7,Pinus Taeda,23.1,50.6,1.0588
30,8,Pinus Taeda,11.5,41.3,0.2214
30,9,Pinus Taeda,17.3,46.1,0.5683
30,10,Eucalyptus Grandis,29.0,48.7,1.6471
30,11,Pinus Taeda,14.9,41.8,0.427
30,12,Eucalyptus Grandis,21.9,47.1,0.7394
30,13,Eucalyptus Grandis,24.9,51.8,1.2452
30,14,Pinus Taeda,15.6,44.1,0.4129
30,15,Eucalyptus Urophylla,20.5,45.1,0.7368
30,16,Pinus Taeda,22.6,52.0,1.0909
30,17,Eucalyptus Grandis,18.3,43.7,0.537
30,18,Eucalyptus Grandis,21.4,48.2,0.8697
30,19,Eucalyptus Grandis,21.1,47.5,0.7382
30,20,Eucalyptus Grandis,19.9,46.8,0.7453
30,21,Pinus Taeda,20.6,52.9,0.7552
30,22,Pinus Taeda,27.4,52.0,1.4514
30,23,Eucalyptus Grandis,10.2,36.8,0.1926
30,24,Pinus Taeda,18.5,41.5,0.5239
30,25,Pinus Taeda,19.7,45.3,0.7193
30,26,Pinus Taeda,10.5,36.8,0.1525
30,27,Eucalyptus Grandis,32.4,54.2,2.4247
30,28,Pinus Taeda,15.9,46.5,0.5121
30,29,Eucalyptus Grandis,17.4,45.1,0.5733
30,30,Eucalyptus Grandis,21.8,47.6,0.8322
30,31,Eucalyptus Grandis,16.8,47.5,0.5386
30,32,Pinus Taeda,18.8,48.5,0.6275
30,33,Eucalyptus Grandis,14.7,39.3,0.3276
30,34,Eucalyptus Grandis,17.3,42.9,0.4888
30,35,Eucalyptus Grandis,19.4,49.2,0.7833
30,36,Eucalyptus Grandis,25.3,48.8,1.1709
30,37,Eucalyptus Grandis,22.3,49.4,0.8437
30,38,Eucalyptus Grandis,20.4,45.1,0.6699
30,39,Eucalyptus Grandis,29.1,53.1,1.7145
30,40,Eucalyptus Grandis,24.2,48.6,1.1302
